{
  "recall@10": 1.0,
  "mrr": 0.9333333333333332,
  "ndcg@10": 0.9450234416789837,
  "exact@1": 0.9,
  "n": 10
}